Timestamp,What's your skin type?,Do you have any known allergies? Or any ingredients you avoid for any reason?,What are your top skin concerns?,What is your current day routine? (Please list your products in order from first to last),What is your current night routine (Please list your products in order from first to last),What type of summer weather will you have?,Any known skin sensitivities?,"Any experience with retinoids? (If so, please tell us your use history)","Any experience with acids? (If so, please tell us your use history, what type, and any known concentrations)","Are you prone to breakouts? If so, how severe are the breakouts and what is your acne treatment history?",Anything else you want the chemists to know about your skin and your skincare routine?,"Can we share your routine learnings (anonymously) on our social media (post, podcast, or insta live shoutout)?"
4/30/2020 12:43:32,Combination,None,"Acne, Pigmentation, Fine lines/wrinkles","trader joe's all in one cleanser, bioderma sebium h2o, the ordinary ascorbic acid 8%, bioderma sebium mat control cream, purlisse bb cream","trader joe's all in one cleanser, Bioderma Sebium toner, Differin gel 0.1%, The Ordinary niacinamide 10%, First Aid Beauty ultra repair cream, plus or minus Tarte maracuja oil","Temperate, a lovely 70F (lucky!)",I broke out from Cosrx snail serum and from Made-cera pink cream,Differing 0.1% for four years ,I prefer toners with acids as masks with AHA seem to overdry my skin.,I have mild to moderate acne that I have been keeping at bay with my current routine. I do get a deeper premenstrual nodule every other month or less.," I have a super oily forehead, oily nose and chin, and normal to dry cheeks. My forehead become oily by midday no matter what. But at night I like thicker creams and oils.",Yes
4/30/2020 12:45:25,Combination,No allergies,"Acne, Fine lines/wrinkles, Skin Texture (roughness, dullness)","Biore Charcoal Acne Clearing Cleanser, Kiel's Powerful-Strength Line-Reducing Concentrate 12.5% Vitamin C Serum, Neutrogena Rapid Clear Spot Gel, Roc Retinol Correction eye cream, Body Merry Retinol Surge Moisturizer",,"Tropical, humid",No.,No.,No.,Yes. They are usually cystic and around my cycle. I have never been treated for acne.,I need help.,Yes
4/30/2020 12:50:26,Oily,No.,"Acne, Pigmentation","Drunk Elephant Beste No. 9 Jelly Cleanser, paula's Choice Skin Balancing Pore Reducing Toner, Paula's Choice 10% Niacinamide Booster, Paula's Choice 10% Azelaic Acid Booster,CeraVe PM Facial Moisturizing Lotion, EltaMD UV Clear Broad-Spectrum SPF 46","Dermalogica Precleanse, CeraVe Foaming Facial Cleanser, Paula's Choice Skin Balancing Pore Reducing Toner, Paula's Choice 2% BHA Gel Exfoliant, True Botanicals Vitamin C Booster, Paula's Choice Resist Anti-Aging Clear Skin Hydrator, Biossance Squalane + Tea Tree Balancing Oil",Desert dry heat,No.,No.,I've used 2% BHA on and off; and daily I use a 10% Azelaic Acid booster (in the AM). But I'm really not experienced with acids.,"Yes, occasional small whiteheads and blackheads on my jawline and forehead, but not severe. No acne treatment history.","I'm Black so hyperpigmentation and skin discoloration are big issues for me, especially because I don't wear makeup. I'm also lazy so the simpler the routine, the better :)",Yes
4/30/2020 13:02:43,Normal,No,"Fine lines/wrinkles, Skin Texture (roughness, dullness)","Paula's Choice enriched calming toner, Timeless 20% vitamin c serum, The Ordinary niacinamide, The Ordinary hyaluronic acid, CeraVe AM facial moisturizing lotion spf 30, CeraVe hydrating sunscreen spf 30 sheer tint ","Palmer's facial cleansing oil, Cetaphil gentle skin cleanser lotion, Murad renewing eye cream, Differin gel, CeraVe PM facial moisturizing lotion, CeraVe moisturizing cream","Tropical, humid",No ,"Almost through the purging/peeling phase with Differin (I think), have been using about 6 months (very erratic for 1st 3 mos, only 2-3x wk for ~2 months, consistently ~5x week this last 4-6 weeks)",I've tried (and still own) The Ordinary red peeling solution without issue but didn't use consistently enough to see results before forgetting and shoving it to the back of the cabinet (my history of inconsistency will have become very obvious by this point - I'm getting much better). I'm not really sure how to work acids in with the vitamin c and Differin but I know I should.,"Not really - a very rare pimple, I tend more on the dry side","I turn 43 in a month and am really trying to get to a better, more consistent routine for anti-aging and texture (plus some redness mostly on/around the nose).  I'm mostly focusing on getting the Differen and the vitamin c serum on every single day - I'm not sure what else from my ""occasional"" list that I should just get rid of vs adding to the ""must do"" list ",Yes
4/30/2020 13:08:20,Combination,"Ethylhexyl palmitate, strong sulfates, chemical sunscreens-my skin reacts and turns red.","Acne, Skin Texture (roughness, dullness), Other","Osea Ocean Cleanser, Renee Rouleau Elderberry Toner, Renee Rouleau Sheer Moisture, Renee Rouleau Skin Recovery Lotion, Bare Minerals Complexion Rescue","Renee Rouleau Luxe Mint Cleanser, Renee Rouleau Elderberry Toner, Renee Rouleau Skin Correcting Serum, Renee Rouleau Anti Bump Serum, The Ordinary Azelaic Acid Suspension 10%, Renee Rouleau Sheer Moisture Lotion, Renee Rouleau Triple Berry mask","Temperate, a lovely 70F (lucky!)",Overall I have fairly sensitive skin with hormonal acne flareups.,"No, but I would like to start to address early wrinkles/lines (I'm 34)","Azelaic acid has been a good acid for me (not too strong, but effective for using 3-4 times per week) in The Ordinary 10% product. I've previously used Renee Rouleau's AHA/BHA cleanser with good results 3-4 times per week. I had a bad experience with Sunday Riley Good Genes-too drying. I've had good results with professional facials that have incorporated lactic and salicylic acids. ","My acne is adult onset, primarily hormonal, and mild to moderate. I've been able to mostly control it through a product routine, regular facials, and making some dietary changes (i.e. limiting dairy).  My primary breakout zones (non-cystic) are forehead and jawline/chin. 90% of my cystic acne occurs on my cheeks and I get approx. 3-6 flareups per year. ","I just moved to Chicago, so lots of temperature extremes throughout the year to prepare for, especially with a long winter and indoor dry heat. ",Yes
4/30/2020 13:27:08,Combination,"No known allergies to foods, ingredients, or medicines. I usually avoid using animal-based ingredients for skin care. I do have very sensitive skin, so I don't use a lot of products because of that, and am often hesitant to try different products for fear of breakouts or rashes.","Acne, Skin Texture (roughness, dullness), Other","Seventh Sense Morning Dew moisturizer, Seventh Sense Inner Light eye cream, Jimbo & Jules' Bee Buzzin' salve, Badger's Damascus rose, Badger's seabuckthorn face oil","Alaffia's Everyday Coconut face cleanser, Lush's Sleepy Face, Jade Roller naked cleansing balms, Botanics 81% organic hydrating day cream, Seventh Sense Morning Dew moisturizer, May Lindstrom's Blue Cocoon, Good Medicine's clarity awakening face cream","Tropical, humid","My skin is very sensitive, so I am overly cautious when I switch products or introduce new ones. But I can't pinpoint any specific ingredients as being problems, so I try to stick with gentle ingredients and products with ingredients I recognize/can pronounce for the most part.","Differin is the only retinoid I have used with any regularity, and that was 10 years ago, and my skin dried out and turned red.","Salicylic acid is the only acid I have experience with, but I haven't used it since my teens/early twenties and I would use face/body cleansers or spot treatment products like Neutrogena. I did try either an AHA or BHA toner a long time ago that dried my skin out and made it red.","When I do have acne, it usually occurs during my menstrual cycle. In the crease of my chin is where I get it the most, and it's typically small and cystic-like, and maybe 1-3 bumps at a time. I also get dry patches on my chin too that drive me nuts because they feel so much different than the rest of my skin. I sought out a dermatologist about 10-11 years ago for help with acne, and none of the treatments she prescribed me worked, which at the time totally soured my view on dermatology for acne treatments. In fact, they all dried my skin completely out, even at the lowest possible doses, made it flake off and turn red, and I had to wear Vaseline as a moisturizer for a week or two because everything else was too painful to apply (and I was starting a new job when all this happened, yay me). She had me on Differin gel and Aczone and I had to stop using both because my skin fell off and she was incredibly surprised by my skin's reaction to these products. ","As I have gotten older (I'm 35), the less I do to my face in terms of products or a skincare routine, the better it seems to do, so I want whatever I am using to count. When I was a teenager, I was using all kinds of St. Ives apricot scrubs, Noxzema, Clean & Clear, and Sea Breeze (it's a wonder I still have skin left!) Fast forward to now: I don't wash my face every day, I rarely wear make up, I'm not particularly oily/sweaty, and I keep my face out of the sun, but as a fair-skinned person, any area of redness or irritation pops out and is really noticeable on my skin. I am not looking for a 10 step skin care routine, so keeping it simple is really important to me. I'm also not terribly unhappy with my skin, in fact it's probably the best it's ever been now, but I want to keep it happy and healthy for as long as I can and prepare for future hormonal and/or age related changes. My biggest issue right now aside from hormonal acne is my under eye area, it tends to be dark and either sunken in or puffy (I am working on keeping myself properly hydrated from the inside too!) so I alternate between looking tired/almost dead because of my skin tone or like I've been crying, and eye creams don't really help much.",Yes
4/30/2020 13:31:56,Oily,none,"Pigmentation, Skin Texture (roughness, dullness)","Skinscript Green Tea Cleanser, Skinscript Cucumber Toner, SkinCeuticals CE Ferulic, Josie Maran Argan Oil, Armada Face and Body Shield 60 sunblock","Derma-E Universal Cleansing Balm, Skinscript Green Tea Cleanser, Skinscript Cucumber Toner, Josie Maran Argan Oil.","Tropical, humid",no,Used .025% Tret for years but stopped in 2019 after increasing to .05%. Severe dry eyes and Optomologist told me to stop.. ,I use Makeup Artist's Choice 30% Glycolic Acid peels occasionally. Does a nice job.,I still get small blackheads and clogged pores but my acne breakouts diminished a lot after moving to a two step cleanse. Still get hormonal and dairy-related acne. Was on .025% Tret for years for acne.,I've been using SkinCeuticals CE Ferulic but I have not seen a difference. I will not repurchase it. I've seen better improvement in my skin with the cleansers and the peels.,Yes
4/30/2020 13:38:30,Combination, No,"Acne, Pigmentation","OleHenriksen Oil Control Cleanser, Innisfree Green Tea Toner, Olay Revitalift 10% Vitamin C Concentrate, OleHenriksen Oil Control Hydrator, Neutrogena HydroBoost city shield SPF moisturizer, Avarelle pimple patch

Aveeno MaxGlow Peel Off Mask, Peter Thomas Roth Pumpkin Enzyme mask, Kiehl's Calendula 5 minute hydrating mask","Garnier Mattifying Micellar Water, OleHenriksen Oil Control Cleanser, OleHenriksen Night Transformation Gel, OleHenriksen Pure Truth Youth Enhancing Oil, Kiehls Midnight Recovery Concentrate, Kate Somerville Antibac, Neutrogena HydroBoost extra dry moisturizer,

Kiehl's Calendula mask, Dr. Jart clay to cleanser mask","Tropical, humid","I think the Cocamidopropyl Betaine in the Cetaphil Gentle Cleanser was irritating my skin, but can't be sure.",No.,"Yes, glycolic acid in the OleHenriksen invigorating gel. Not sure the concentration!","Yes! My breakouts concentrate on my chin and jawline, though I've had a spate of breakouts near my lips/nose recently as well. Cystic, hormonal acne is my tormentor. My pimples get big and red, and my skin scars easily. It doesn't help that I'm a compulsive skin-picker /:

I've only ever had one prescription acne treatment- Clindamyacin- in high school. For a while, birth control was my natural acne fighter. When I switched contraception methods four years ago, my skin tanked, and two years ago was when I really started trying to control my breakouts. For me, the introduction of glycolic acid (in transformation gel and masks) and benzoyl peroxide (in Antibac) over the last year and a half has been revolutionary for my skin. It used to be so congested and irritated, but the frequent exfoliation and then benzoyl to root out bacteria have really helped clear it up.","I started getting into skincare with gusto at the end of November 2018, so it's been about 1.5 years of really nailing down my routine and figuring out what steps I need. I still get hormonal acne, and the occasional pustules. My biggest concern now is controlling those large pimples and dealing with scarring/skin tone. It seems that every time I notice a significant improvement in my skin, something changes and I'm back to doing damage control. I'd love any insights on my routine and what could upgrade or replace a part of it!

As you may notice, I oscillate pretty dramatically between drying ingredients and hydrating ingredients. Not sure the effects of that, but I got very dry this past winter and stocked up on the HydroBoost in January to try to counteract that. 

Also, I just ordered the Ordinary Niacinamide 10% and have never used it before. If possible, I'd love to know your thoughts on how to incorporate that into my routine!",Yes
4/30/2020 13:42:43,Oily,I will get bumps from heavy aloe concentrations and I am allergic to bakuchiol (ok with retinol though). Never had a worse allergic reaction to a product than to coco kind‚Äôs bakuchiol mask. Hives all over my neck üò©,"Acne, Fine lines/wrinkles, Skin Texture (roughness, dullness)","First Aid Beauty or is Clinical, Somme Institute or is Clinical Pro Heal, iS clinical hyaluronic serum, Biologique Recherche Gel ADN silkgen moisturizer, farmacy sunscreen, colorescience sunscreen","First Aid Beauty cleanser, is Clinical cleanser, Somme Institute serum,is Clinical Active serum, iS clinical hyaluronic, Biologique Recherche Creme biofixine, Somme Institute Skin Renew",Desert dry heat,I don‚Äôt do well with heavy moisturizers! I am acne prone. I have never found a toner that didn‚Äôt make me break out. I am good with acids. Heavy physical exfoliation also breaks me out.,The is clinical pro heal has some retinol. I was using the ordinary retinol but I started doing chemical peels (Skinmedica Vitalize) and so stooped retinol and haven‚Äôt picked it back up. I have tried Shani Darden Skin Reform but it has a lot of aloe so broke me out. Differin also broke me out. ,"I use Biologique Recherche p50 every few days, but I wash it off after an hour because leaving it on breaks me out. I have done medium chemical peels (Skinmedica vitalize) and had no adverse reaction. Have also used the ordinary bha aha mask everyone loves. ","Very breakout prone. After I stopped buying products with heavy aloe concentrations, it has definitely decreased but I‚Äôm still very prone. I have a hard time finding products that don‚Äôt break me out, which is why I have such a weird mix of brands. I have seen a derm who recommended hormone regulation medication but I am not a fan of manipulating my hormones. Most usual breakouts for me are along Chin and mid to high cheek. If there‚Äôs a product that doesn‚Äôt work for me, small hard red bumps on my forehead.  ","I am currently in the vitalize peel cycle (on my second of 6) and so am looking for things that will be good for my skin that will be good to use during peel time. 

I am pretty obsessive with my skin (I consider it a hobby. I use a ziip, micro needle, and a high frequency machine at home). I am 27, so while I still grapple with acne, I am also a fan of trying to prevent wrinkles. ",Yes
4/30/2020 14:17:37,Combination,Sulfa,"Pigmentation, Fine lines/wrinkles","Blank Slate,  Ordinary niacinamide 10% + zinc 1%, grown alchemist hydra repair day cream, jojoba oil, sun screen","Blank Slate, Ordinary niacinamide 10% + zinc 1%, hydroquinone, Jojoba oil, Baby Steps, Kate Somerville retinol firming eye cream balm voyage, loreal revitalift night cream",Desert dry heat,None known ,"Used to use the ‚Äúgentle‚Äù trentinoin 0.05% cream a few times per week (approx M, W, Sat) but then magically found you guys and switched to baby steps (so far it seems like a good trade off/pay out)?",Long ago I used some glycolic acid wipes but didn‚Äôt stick with them. Your Baby Steps is the first one really and I‚Äôve stuck with it for about 1 month now.,Used to have a break out maybe 1-2 yearly. Hormones must have changed bc I‚Äôm breaking out on my forehead like monthly within the last 6 months! Boo!!,Am I doing the right things? Should I add or take away? Is the order mostly wrong or kind of right? I‚Äôll take any advice you are willing to throw my way! You all are dope!,Yes
4/30/2020 14:28:06,Other (Please explain),I have sensitive skin however I have never pinned down the culprits ,"Fine lines/wrinkles, Skin Texture (roughness, dullness)","CeraVe cleanser, Grown Alchemist hydra-restore cream cleanser olive leaf plantago extract, Tatch The Essence, CeraVe Daily Moisturizing lotion, CeraVe AM Facial Moisturizing Lotion with Sunscreen SPF 30, La Roche-Posay tinted Anthelios 50 Mineral Sunscreen","Grown Alchemist Hydra-Restore Cream cleanser, Frudia Citrus Brightening Toner, Tatch The Essence, Peter Thomas Roth Retinol Fusion PM Serum",Desert dry heat,Victoria Secret scented lotions dry out my hands until they crack and bleed. I stay away from Victoria Secret and Bath and Body products. ,Just the Peter Thomas Roth Retinol Fusion PM Night Serum. I think I have been using it about 2 to 4 times per week. Sometimes I‚Äôm too exhausted for that last step. ,None,I‚Äôm 48 years old. My combination skin is leaning towards the dry side but I still tend to end the day with an oily T zone. ,I was diagnosed with Sj√∂gren‚Äôs syndrome at the end of 2017. This is an autoimmune disorder. My immune system is attacking my glands including my salivary glands. The area around my mouth is so very dry. The fine lines are coming in fast. My drying out skin is my main concern. ,Yes
4/30/2020 14:45:39,Normal,None,Fine lines/wrinkles,"THE ORDINARY's Marine Hyaluronics, THE ORDINARY's Buffet, CeraVe Daily Moisturizing Lotion, CeraVe Ultra-Light Moisturizing Face Lotion with Sunscreen - SPF 30, SkinCeuticals Physical Fusion UV Defense SPF 50","Soko Glam's Living Cleansing Balm, 
CeraVe Foaming Facial Cleanser, 
Kiehl's Blue Herbal Acne Cleanser Treatment,
Kiehl's Calendula Herbal Extract Alcohol Free Toner,
The Ordinary Hyaluronic Acid 2% + B5

I rotate between:
- SkinCeuticals Retinol 0.5 Refining Night Cream
- Timeless 20% Vitamin C Plus E Ferulic Acid Serum
- The Ordinary's Niacinamide 10% + Zinc 1%

I finish my routine with:
- Charlotte Tilbury's CHARLOTTE'S MAGIC CREAM
(^ Please tell me if that is a scam because it costs $120 and I don't want to buy it again if it's meh!!!) 
- Kiehl's Midnight Recovery Concentrate","Temperate, a lovely 70F (lucky!)",Not quite...,"I just started SkinCeuticals Retinol 0.5 Refining Night Cream! About 2-3 weeks ago! The first week, I went overboard and applied it for three days in a row. I took a week break then I started with 1x/week for a week. That was last week. I am on my second week with the use of 2x.","I just started the Timeless' Vitamin C & Ferulic Acid two weeks ago, with the use of 2x/week. So far, not bad! That's it, really? Unless you count hydraulic acid, I put it on daily. ","I'd get one zit every 3-6 months from the age of 15-24. (I am 26 now). Last year, at the age of 25, I consistently got 1 zit on my chin or around my lips (especially at the ends) like every week with a new location. I started eating better and they've gone away. ","Generally, with Russian heritage, my mother and I have very soft, clear skin. However, the moisture and glow can be off if not taken care of. My skincare helps me become more moisturized and glowy, though! However, we are so sensitive to fine and deep wrinkles! My mom had deep forehead wrinkles by age 28. I am getting there so that's why I started my retinol routine now. If it works out well, I may not get botox haha. 

Basically, I just want to know if my products are good!! I want to make sure my routine is top notch. MANY THANKS, I APPRECIATE YOU GUYS SO MUCH ILY.",Yes
4/30/2020 16:18:43,Combination,No,Pigmentation,"Papaya & Vitamin C Revive & Brighten Bar Soap, 
Stridex Single-Step Acne Contro Maximum Alcohol Free, Timeless Vitamin C
Mad Hippie Vitamin C Serum,
Kikumasamune High Moist Lotion,
Hada Labo Gokujyun Premium Hyaluronic Acid Lotion,
Heritage Products Rosewater And Glycerin
Unscented Vanicream Moisturizing Skin Cream
Australian Gold Botanical SPF 50 Tinted Face Mineral Lotion","tretinoin .05, 
Facetheory Porebright 10% Niacinamide and Azelaic Acid, 
Kikumasamune High Moist Lotion, 
Hada Labo Gokujyun Premium Hyaluronic Acid Lotion , 
Heritage Products Rosewater And Glycerin, 
Aveeno Eczema Therapy Daily Moisturizing Cream with Oatmeal
Rosehip oil","Tropical, humid",No,Started tretinoin .05 in November 2018,"Several years  of daily use of 2% Salicylic Acid or Glycolic Acid 7% Toning Solution
Weekly or bi-weekly AHA 30% + BHA 2% Peeling Solution
Once every three months Makeup Artist's 40% mandelic acid peel",No,Trying to my best to remove the dark spots (melasma?) on my checks,No
4/30/2020 18:12:05,Combination,no,"Acne, Pigmentation","Earth science A-D-E creamy fruit oil cleanser,
Tower28 spray,
First Aid Beauty wild oat toner,
paula's Choice 2% BHA toner,
derma e Even Tone serum, vitamin C powder the Ordinary, Stratia Liquid Gold, rosehip oil, Drunk Elephant Umbra Tinte spf 
","Kopari cleansing oil, 
Earth science A-D-E creamy fruit oil cleanser, 
Tower28, 
First Aid Beauty wild oat toner, 
derma E Even Tone serum, rosehip oil, Stratia Liquid Gold,
The Inkey List retinol, Earth Science A/B hydroxy acid night rejuvinator moisturizer, rosehip oil, derma E Even Tone serum, NIOD voicemail masque, Glow Recipe watermelon glow,
azelaic acid



","Temperate, a lovely 70F (lucky!)",no,"yes, I have used three types- The Ordinary Granactive Retinoid 2% Emulsion (great), The Inkey List retinol (haven't used enough to report results but no irritation), and tretinoin via Curology (hated this so much)","Yes! Mixed bag with AHAs, skin seems to really get along with BHAs (re mostly acne, possibly has helped with some redness). I have used AHAs in masks, they haven't done much for me this way. I did the product hatchery with Chemist Confessions for the acid products, I used the Baby Steps nightly for a month with Aquafix and my skin tone looked really wonderful but it definitely did not prevent any breakouts which was my main concern at the time so I didn't continue using it after the month.

Also use azelaic acid (my skin loves this for redness around my nose, I mostly have this under control so I mostly use this now for acne scarring), and have tried alpha lipoic acid (didn't see much results)","Yes :( Mostly around my period but I sometimes have mysterious periods of breaking out, always around mouth and chin for the most part but very occasionally elsewhere. I am being really careful introducing one product at a time and being consistent with products, not using samples etc to try to keep my face clear. It seems to be helping right now, I didn't get a single breakout last period cycle! The Tower28 spray and BHA seems to help best. ","I have little redness around nose (mostly managed now), a little texture on forehead (used to be bumps and shiny, mostly managed now, but still some texture). My breakouts are under control at the moment so I am mostly focused on even tone/texture and addressing post acne red marks (and being careful to not cause more acne!). ",Yes
5/1/2020 8:16:34,Desert Dry,"brand name Advil, but not ibuprofen - it's the sweet pink shell that I'm allergic to",Fine lines/wrinkles,"Kiehl's ultra facial toner, Paula's Choice C15 Super Booster, The Ordinary's Buffet, Weleda Skin Food Ultra Rich Cream, Neutrogena Hydro Boost suncreen,  Josie Maran's Skin Dope argan oil and hemp seed oil","tretinoin, Paula's Choice Pore-Reducing Toner with Niacinamide, The Ordinary's EUK 134, Weleda Skin Food Ultra Rich Cream,Glow Recipe's Avocado Melt Retiniol for eyes, The Ordinary's Squalane Oil,
Kiehls' ultra facial toner, Paula's Choice C15 Super Booster, The Ordinary's EUK 134, Weleda Skin Food Ultra Rich Cream, The Ordinary's Squalane Oil, The Ordinary's AHA 30% BHA 2%","Tropical, humid","I have used a lot of brand name ""gentle"" lotions that irritate my skin.","I used tretinoin from ages 30 - 34, and then my skin stopped tolerating it. I then used Jan Marini Age Intervention Retinol Plus for 4 y, and now I'm slowly trying tretinoin again. ","I've used Dr. Gross' skin peel but I like The Ordinary's the best. I used a glycolic acid wash that I loved too, but I could only get it at my derm so I haven't used it in years. ",I took Accutane in high school. lately I've had some minimal outbreaks and I've got an appointment with a derm in June to figure that out. ,Mainly that I'm interested in preventing fine lines and wrinkles and that my skin is super dry! I wish I could hydrate better!,Yes
5/1/2020 11:12:21,Very Oily (midday shine),No but skin is always red...,"Acne, Other","Neutrogena ultra gentle cleanser, Cetaphil gentle skin cleanser, First Aid Beauty facial radiance polish,
Skinceuticals Phloretin CF,
Skinceuticals Hydrating B5 gel,
Shisedo Essential Energy eye,
Nars sheer glow","Neutrogena ultra gentle cleanser, Cetaphil gentle skin cleanser,
Differin gel 0.1%,
Caudalie vionperfect, Chemist Confession the better oil,
Shiseido bio performance lift dynamic","Temperate, a lovely 70F (lucky!)",Easily get red skin; Vitamin C tends to trigger,"Yes, differin 0.1%",N/a,I always have red + oily skin; acne prone from age 10 to... 32! I did Accutane x2 in high school,"I take an anti-seizure medication that I think might be triggering some of my breakouts/oil too - Lamotrigne 100mg; I'm also very active - running, biking - most days",Yes
5/1/2020 22:28:36,Combination,None ,"Pigmentation, Skin Texture (roughness, dullness)","IS clinical cleansing complex,
Ole Henrickson balancing force oil control toner,
IS clinical super advance serum plus ,
Ole henrickson brightening eye cream ,
Tatcha the water cream ,
Peter Thomas Roth max naked mineral sunscreen","Biossance squalane + antioxidant oil cleanser, 
is Clinical cleansing complex, 
Skinmedica Lytera 2.0 , 
PCA .5% pure retinal , 
PCA eye cream , 
PCA collegen moisturizer , 
The ordinary CHia seed oil or Rosehip oil , Drunk Eleogants TLC frambos",Desert dry heat,No ,"Yes, use every other night ","Yes, in my toner and every other night with Drunk Elephants TLC Framboos 

Also use TO peel. 
And herbavoire blue tansy mask ","Yes, not to crazy. I‚Äôll get a few big pimples and a lot of little bumps on cheeks, and sides of eyes ",Just want to make sure I‚Äôm doing it right? Also a major concern of mine is I have really large pores. ,Yes
5/2/2020 13:19:40,Combination,N/A,"Acne, Fine lines/wrinkles","Cerave face wash, botanicals toner, glossier solution, glossier vitamin C super glow, Mara universal face oil, differin moisturizer ","Clean it zero cleansing balm, differin cleanser, botanicals toner, glossier solution, differin gel and spot treatment, night moisturizer ",Other,"Sun :) burn every easily. Never sleep with make up on, causes breakouts ",Differin gel for acne ,Have used small sample of Dr Dennis Gross - alpha beta (labeled peeled if that counts as acid??),Yes- cystic acne on chin :( white heads and black heads on cheeks and forehead. Differin has helped a lot with this and getting into a better routine ,"Trying my best at a balanced routine and to take care of my skin!! My main concern is cystic acne/breakouts and lines on forehead/by eyes although in my mid 20s. I scar/get red marks for weeks after acne as well, and my goal to take better care of my skin is to not feel like I need to wear make up daily! I work in a hospital and am wearing masks daily. ",Yes
5/2/2020 13:29:50,Combination,"My skin is super sensitive, and reacts to anything with fragrance, heavy silicones, essential oils, or sulfates.  ","Acne, Skin Texture (roughness, dullness)","Bioderma micellar water as toner, the ordinary hyaluronic acid serum, versed gel cream moisturizer, sonrei gel sunscreen","Sulfur face wash from my dermatologist, the ordinary hyaluronic acid, differin gel retinoid, cerave night moisturizer","Tropical, humid",fragrances and essential oils,"Using differin gel (.1% adapalene) retinoid for acne (prescribed by dermatologist), have used stronger prescription retinoids but they make my skin flake","I've used glycolic acid as a toner at 7% and lactic acid as a serum at 10%, I enjoyed both but they are difficult to work into a routine with the retinoid that I'm using right now because I don't want to overwhelm my skin.  I used the ordinary 30% AHA 2% BHA mask for a while but recently ran out, which I enjoyed because I didn't have to use it everyday on top of my regular skin care routine.  ","I am prone to breakouts.  Right now, I have pretty clear skin, as I'm prescribed medication for the acne and I use a prescription cleanser and retinoid.  The breakouts I get now are not very severe, and are usually pretty small, but I have issues with clogged pores on my cheeks by my nose that are the main location of my breakouts.  ","My dermatologist says that my skin is some of the most sensitive skin she's ever seen, so I'm not looking for anything too harsh.  My skin is also combination so it would be great to get something that would help to balance out the oiliness and clogged pores but also not dry out the rest of my skin.  ",Yes
5/2/2020 13:35:33,Dry,Lavendar,Fine lines/wrinkles,"cetaphil, thayer's witch hazel toner, amara beauty hyaluronic acid serum, cerave am facial moisturizing lotion with SPF 30","Cerave PM facial moisturizing lotion, cerave eye cream",Desert dry heat,No,I don't think so,I don't think so,No,No,Yes
5/2/2020 13:41:30,Combination,I react badly to most medications like benadryl and codeine. ,"Pigmentation, Fine lines/wrinkles, Skin Texture (roughness, dullness)","Neutrogena hydroboost hydrating cleansing gel, chemist confessions mr. Reliable, chemist confessions oil, Biore UV sunscreen, clinique mineral powder, mac blush, mac mascara","Neutrogena hydroboost hydrating cleansing gel, CC aquafix, Neutrogena on the spot acne treatment","Tropical, humid","Sunscreen can be hit or miss. Had a very bad experience last summer, but otherwise, I just try to choose very gentle stuff. My skin is hard to keep moisturized without it getting oily. ",No,No,"Had bad acne as a teenager. Did Accutane at 19 and that fixed it. Now, pimples happen due to hormones or irritated hair follicles. ",I have laser hair removal done on my face. ,Yes
5/2/2020 13:48:19,Other (Please explain),"Amoxocillin (hives), generally avoid benzoyl peroxide","Acne, Pigmentation, Other","Stratia Velvet Cleansing Milk, ice Son & Park Beauty Water, Hada Labo hyaluronic acid lotion, vitamin C, Stratia Rewind, eye cream, PCA ReBalance, Purito centella sunscreen","iS Clinical Cleansing Complex, ice Son & Park Beauty Water, Hada Labo hyaluronic acid lotion, Timeless Coenzyme Q10, Purito Centella serum, 10% Azaleic Acid Booster, eye cream, PCA ReBalance, Stratia Soft Touch AHA, PCA retinol treatment","Temperate, a lovely 70F (lucky!)","I have psoriasis, with occasional flareups on my face.","PCA retinol every few days for the last year or two, used a rx in my youth ","Had been getting regular PCA peels with an aesthetician, but had to cut down due to budget constraints, since then have tried a few products (not simultaneously): FAB Radiance pads, Pixi Glow Tonic, Ordinary Glycolic 7%, now using Stratia Soft Touch AHA 10% mandelic. 

My nose is extremely oily, with giant pores, so I tried PC Skin Perfecting 2% BHA in the nose area, but did not like it. Then got have Cosrx BHA Blackhead Power Liquid, but have not used it regularly.","Yes, since youth. I am now 44. Sigh. I think it is mostly hormonal, as it was not an issue when I was on birth control in my late 20s-mid 30s. I get a few very painful chimples the week before my period, also the week after. I have tried Differin and Mario Badescu Drying Lotion as spot treatments, as well as Cosrx pimple patches, usually with very little effect. I use a Mediheal tea tree sheet mask weekly (or when I remember). But I have noticed in the past couple weeks, now that I am wearing a face mask, I also see other non-hormonal flareups, whiteheads, etc, in the nose/mouth area. Bleh! Help or advice for this new development?","I have very oily skin, especially in the nose area. (Have never been able to wear mascara because my skin is so oily.) But it can also be sensitive, and I get occasional psoriasis flareups on my face. Overall I am mostly satisfied with my skin, considering my age. Decent glow, not too many wrinkles (thus far), but I do have hyperpigmentation from acne scars/probably not using enough sunscreen regularly in my youth, and now maybe increasing general aging spots. I also wish my pores weren't so visible, but I don't think there is much one can do about that!",Yes
5/2/2020 15:17:19,Combination,I tend to have sensitive skin though I've never been officially diagnosed by a medical professional. I tend to avoid things with too many scents but have not had any adverse allergic reactions to any ingredients to my knowledge. ,"Pigmentation, Other","Cetaphil Foaming Face Wash, Trader Joe's Face Wash, Dermalogica daily microfoliant, Trader Joe's Anti-oxident serum, Oil of Olay complete+ SPF 30, Dr. Jaart Beauty Balm, MAC powder foundation","Cetaphil Foaming Facewash,  Oil of Olay cleansing wipe, Trader Joe's Hylauronic acid serum, cetaphil rich hydrating night cream",Desert dry heat,No,In my late teens and early 20s I had terrible Acne. I used numerous topical products including Retin-A (this made my skin incredibly dry even with every other day application) and finally went on Accutane.,N/A,I get an occasional breakout usually tied to my menstrual cycle. At present I am dealing with back acne (don't need help with this at the moment) and live in perpetual fear that it will also reappear on my face. ,I would describe myself as fairly low maintenance and I try to keep to a budget. I don't mind spending $40-60 on a product provided it is high quality and lasts a reasonable amount of time. ,Yes
5/2/2020 15:33:23,Combination,No,"Acne, Fine lines/wrinkles","Vanicream Gentle Facial Cleanser, PCA Skin Blemish Bar, Thayer's Witch Hazel rose petal, Root of Skin MD Serum, the ordinary 10% niacinamide and zinc serum, PCA Skin Hyaluronic  Acid Boosting Serum, Alastin Skin Ultra Nourishing Moisturizer, Root of Skin MD eye complex, PCA Skin weightless spf 45","PCA Skin oil cleanser, Vanicream Gentle cleanser, thayer's Witch Hazel rose petal, PCA Skin Intensive Age Refining Treatment, 0.5% pure retinol, PCA Hyaluronic acid boosting serum, Renee Rouleau PORE + WRINKLE PERFECTING SERUM, biossance eye cream, biossance rose oil",Other,None,Currently use and have been using for 15+ years,"Currently using AHA 17% glycolic/salicylic/lactic acid blend, have had AHA & BHA peels for over 15 years ",Occasional breakouts (pustules chin/jawline). Currently get small bumpy acne on cheeks (papules) ,I‚Äôm open to adding/reducing the amount of products I currently use. I really want smoother texture and less congestion,Yes
5/2/2020 16:11:08,Desert Dry,Shellfish ,"Acne, Fine lines/wrinkles, Skin Texture (roughness, dullness)","Vani cream cleanser, Aloe bha toner, adapalene, LRP toleriene sensitivite fluid moisturizer, LRP double repair moisturizer with spf, squalene oil, Virgin macula oil","Vanicream cleanser, The ordinary glycolic toner, the ordinary lactic acid, retina-a, Etude House SoonJung 5 Panthensoside Cica Sleeping Pack, squalene oil, macula oil","Temperate, a lovely 70F (lucky!)",Just sensitive skin ,Retina a since I was 18 years old ,Ordinary glucolic and ordinary lactic acid ,"Yes, mild but leaves scars ",Healthcare worker so currently resigned to having bad skin until this is over. My skin is very dry. ,Yes
5/2/2020 17:59:17,Combination,None,"Pigmentation, Fine lines/wrinkles","Cleanser, Vitamin C serum, eye cream, neck cream, moisturizer ","Oil cleanser, purifying cleanser, serum, moisturizer, eye cream, neck cream","Tropical, humid",None,Have used over the counter retinoids (dermologica) ,AHA ,Hormonal breakouts around chin area,I am 51 and looking for products to help with age spots on face and fine lines/wrinkles ,Yes
5/2/2020 23:04:47,Combination,I try to avoid drying alcohol in most of my skin care products. ,"Acne, Pigmentation, Fine lines/wrinkles, Skin Texture (roughness, dullness), Other","Image Skincare Vital C hydrating facial cleanser, Ormedic Balancing cleanser, Image Skincare VITAL C hydrating antioxidant A C E serum, Osmosis Beauty Quench Nourishing moisturizer, Elta MD UV Clear SPF 46 Tinted","One Love Organics Enzyme cleansing oil, Image Skincare Vital C hydrating facial cleanser,  Skin Better Science Oxygen Infusion face wash,  Sanitas Brightening peel pads, Osmosis Beauty Rescue Epidermal Repair Serum,  Osmosis Beauty Clarify Blemish Retinal Serum, Image Skincare Vital C hydrating antioxidant A C &E serum, Osmosis Beauty Quench Nourishing moisturizer, Herbivore Botanicals CBD Emerald oil, Image Skincare vital c hydrating enzyme mask",Desert dry heat,"redness, not sure the cause. ","I have used Paula's Choice 1% Retinol Booster. It was my first time trying a Retinol and experienced skin flaking, a lot of dryness, and break outs. My next time was Skin Better Science's Exfoliating peel pads that have Retinol. I also experienced some purging with that. I am currently using Image Skincare's antioxidant serum that has Retinyl palmitate and Osmosis Beauty's Blemish Retinal serum that has Retinal. I didn't experience too much sensitivity with either one of those.","I have tried The Ordinary's Hyaluronic Acid and Azeliac Acid. I have used Paula's Choice Azelaic acid booster, 2% and 4% BHA Exfoliant with Salicylic Acid, AHA Exfoliant. The Ordinary's AHA 30% + BHA 2% Peeling Solution. Glycolic Acid, Lactic Acid. Paula's Choice BHA and AHA helped with my cystic acne but I did not incorporate them slowly into my skin care routine so they really dried out my skin and most likely damaged my skin barrier. It was over exfoliated for a long time. I have also used Benzoyl Peroxide. ","I have dealt with acne since my teenage years (I am now 33 years old). Mainly with hormonal cystic acne along my jaw line. Earlier this year I had a micro needling treatment with a Vitamin C peel that seemed to keep my skin clear without any break outs until last month. I wouldn't say I have severe acne, I only have one small pimple at the moment but it is on my jaw area. I wake up with tiny white heads in random places on my face almost every morning. ","I have larger pores on the apples of my cheeks I feel like I constantly get sebum trapped in them and then they turn black. I try my best not to pick them but am guilty of it at times. I have these red marks on my cheeks, I am guessing they are broken capillaries. My skin gets oily during the day but my cheeks still feel and look dry. I also notice little tiny bumps at times, especially on my forehead close to my temples and itch and feel scaly. ",Yes
5/3/2020 11:15:22,Dry,No,"Fine lines/wrinkles, Skin Texture (roughness, dullness)","La Roche Posay Medicated Gel Cleanser, Rose water toner, Lactic acid, Roc retinol Eye cream, First Aid Beauty Moisturizer, Neutrogena SPF 30","La Roche Posay Medicated Gel Cleanser, Rose Water Toner, Differin, Roc Retinol Eye Cream, Cerave night cream",Desert dry heat,"I have fairly sensitive skin, I‚Äôm just not sure which ingredients cause most sensitivity ","Yes just Differin, it works well for me. I use it 3x a week.","Lactic Acid (The Ordinary) I‚Äôve used it for the past 3 months, I feel it helps brighten my skin","Not too much, I usually just get acne around my jaw line which I believe is mostly hormonal ",I‚Äôm pretty much a newbie so my routine could use a lot of TLC,Yes
5/3/2020 19:14:14,Normal,I‚Äôm breastfeeding so no retinol ,"Acne, Fine lines/wrinkles, Skin Texture (roughness, dullness)","Clarins Toning Lotion with Camomile, Clinique Smart Custom Repair Serum, Shiseido Protection Eye Cream SPF 25, First Aid Beauty Ultra Repair Face Moisturizer, Peter Thomas Roth Max Mineral Naked Broad Spectrum SPF 45","Philosophy Purity Made Simple, First Aid Beauty 5 in 1 Eye Cream, Tatcha Violet-C Brightening Serum, kiehl's Powerful Wrinkle Reducing Cream","Tropical, humid",No,I used Neutrogena Retinol SA at night before pregnancy,I started using The Ordinary AHA 30% + BHA 2% peeling solution and it has worked well without problems (used once every two weeks). I also have used Glamglow SuperMud mask for a few years.,"Not really, but I‚Äôve had a few little whiteheads on my cheeks recently. They have felt kinda dry. The baby drools on my face sometimes but I don‚Äôt think that‚Äôs it!",I have hard water and live in Houston. I walk midday and wear a hat but don‚Äôt sweat much and don‚Äôt wash my face afterwards. I‚Äôd rather simplify that add to my routine. Thank you so much! This is interesting.,Yes
5/4/2020 0:04:35,Desert Dry,"I avoid coconut derivatives when I can, but that's mostly a guess - basically everything seems to break me out!","Acne, Pigmentation, Fine lines/wrinkles, Skin Texture (roughness, dullness)","Kiehl's Ultra Facial Cream, Timeless Skincare 20% Vit C + E Ferulic Acid Serum, Aquaphor, Vaseline, Supergoop! Unseen Sunscreen","Clinique Take The Day Off Balm, Vanicream Gentle Facial Cleanser, Kiehl's Ultra Facial Cream, Aquaphor, prescription .025% retinol",Other,"I know I have them, just unsure to what",Have been using .025% prescription retinol somewhat inconsistently for ~3 years,"In high school I used a 10% mandelic acid from Make Up Artists Choice with some benefit, but my skin ""got used"" to it after a while and stopped being effective. Have also briefly tried Dr Dennis Gross Alpha Beta Universal Peel (glycolic, salicylic and lactic acids, concentration unsure) and Peter Thomas Roth Max Complexion Correction Pads (10% glycolic, 2% salicylic), both extremely irritating and broke me out. Paula's Choice 2% BHA Liquid Exfoliant was mildly irritating/very drying, and saw no improvement after continued use. Have occasionally used spot treatment salicylic acid of varying intensities and formulations since I was a teenager, usually just dries out a pimple and makes the surrounding skin incredibly flaky. ","Very prone. Hormonal (or accidentally ingesting any dairy products) breakouts mostly occur in small/medium cysts around my mouth and chin; if I react to a product, ingest too much sugar/alcohol or experience some environmental irritant small red bumps can appear anywhere. All my breakouts are less severe now; dermatologist ~2 years ago prescribed oral Spironolactone (which I have taken more or less daily since) and .025% retinol which I use 1-2x a week. I've also been on a consistent course of oral contraceptives since then. Before that, since high school I tried everything dermatologists prescribed to me, including but not limited to oral antibiotics, topical clindamycin, Differin, sulfur, and a course of Accutane, which I stopped halfway through because of severe depressive side effects, joint pain, and painful skin dryness. ","I would most love to address the battleground of scars on my face, and figure out why it seems every pimple leaves pigmentation in its place, and often times pitted scars. My breakouts have grown less severe since I began the Spironolactone, but I am left with incredibly dry skin, little dents all over my face (mostly on my cheeks and jawline), and after stopping Accutane (which I tried about 4 years ago) began to feel that my skin no longer knew how to exfoliate itself, if that makes sense? So it's dry, but also I imagine I can ~feel~ a layer of flaky dead skin over my face, such that products meant to hydrate rarely seem to sink in properly. As I wrote above, I've tried many kinds of exfoliators and products meant to get rid of flakiness (which is a constant issue, especially wearing makeup) but they mostly seem to irritate my skin more. ",Yes
5/4/2020 8:52:14,Dry,"No, but generally sensitive skin with occasional eczema.","Pigmentation, Skin Texture (roughness, dullness), Other"," La Roche-Posay Toleriane Hydrating Cleanser,  La Roche Posay Toleraine Double Repair Face Moisturizer with 30 SPF, Glo Restorative Face Creme ","La Roche-Posay Toleriane Hydrating Cleanser, Aveda exfoliating creme cleanser, Ordinary Glycolic Toner, Glo Triple Action Serum, Glo Restorative Face Creme, The Ordinary Squalane, clinique all about eyes creme, Eucerin Creme, Beauty Counter Lotus Cleansing Balm","Temperate, a lovely 70F (lucky!)","General sensitivity, I try to avoid heavy fragrances Generally sensitive will some random irritation flare ups, pimples, or redness. When possible I stick towards ""gentle lines"" and try to avoid heavy fragrances or strong products.",No,"Yes, periodically I have used The Ordinary Glycolic Acid Toner (7%) but stopped during the spring season change due to eczema and potential sensitivity to exfoliation. I have also tried The Ordinary 100% L-Ascorbic Acid Powder (mixed into face moisturizer) but not consistently and I think supposedly it conflicts with the Niacinamide in my cleanser so I was trying to alternate when using that.","Not usually, but I do experience hormonal acne at times. Concentrated on my chin, sometimes my cheek. Usually 1-3 pimples at a time. Sometimes I notice oily skin throughout the day with makeup on. Historically with pimples, I use pimple patches to treat and avoid over moisturizing those areas until they clear. Old pimples have left dark spots contributing to an uneven skin tone.","Not entirely sure my order of skincare is correct. Not really sold on any of the products I use, but they don't seem to bother my skin regularly. Not sold on 1 specific main face moisturizer, so sometimes I change it to a new one as long as it is gentle, and heavy. 

Nearing 30 and starting to have some interest in adding anti-aging products to my routine, however, since my skin can be sensitive and I'm not in love with my current routine as it is, I haven't added anything. I figure I should correct my skin tone, texture, and moisture balance first. 

",Yes
5/4/2020 10:55:48,Very Oily (midday shine),"Yes, but unknown as to what specifically they are. I react to some products.",Other,"Cosmedix Elite Gentle Clean Cleanser, 302 Calming mist, Skin Ceuticals Retexturizing Activoator, Cosmedix Shineless Oil-free moisturizer ","Cosmedix Elite Gentle Clean Cleanser, 302 Calming mist, Skin Ceuticals Retexturizing Activoator, Cosmedix Shineless Oil-free moisturizer, Acure Brightening facial scrub, Sunday Riley  Good Genes All-in-one Lactic Acid",Other,"My skin outside of T-Zone is very sensitive, but T-Zone is super congested (blackheads on nose and chin)",Tried the Environ line starting with with the most gentle. I stopped when I went for a facial and was told to stop all products (my skin barrier was compromised) and started on the routine mentioned above. The current routine has helped tremendously with skin dryness. I used to have super dry skin (like cracking).,No.,"No, however, when I react to a product/have an allergic reaction it is in the form of small pimples and redness that go away after a day or two.","As mentioned, I'm happy with the current routine in that it helped tremendously with the dryness I was experiencing with my skin. I feel my skin is plumper and softer and more hydrated now.  I was supposed to be getting married this Friday, but we postponed our wedding to Nov bc of Covid-19. When I had a trial with my makeup artist, she was shocked how oily I got after a few hours. I'm seeing the positive side in all this in that I get to work on my skin concerns for the next few months! I'm looking for solution/product to help with the oil concerns as our wedding is going to be in the Carribean and i'm so worried that I'm going to look...as my makeup artist put it...""drenched"" after a couple hours.  However, I don't want to go back to dry/cracking skin either. The second issue is the blackhead on my nose. I used a product once that helped tremendously and can't remember what it was to re-order. Once I get these two things under control my next goal will be to move on to antioxidant serums and/or retinol for anti-aging.",Yes
5/4/2020 12:11:08,Dry,Penicillin (lol). I just avoid scented products when I can. No grievances toward specific ingredients. ,"Acne, Pigmentation, Fine lines/wrinkles","Dermalogica Clearing Skin Wash,
Dermalogica Daily Resurfacing pads,
SK2 Facial Treatment Essence,
Dermalogica Clear Start Breakout Clearing Booster,
Dermalogica Skin Hydrating Booster,
Dermalogica Intensive Moisture Balance,
Dermalogica Dynamic Skin Recovery SPF 50","Dermalogica Clearing Skin Wash, Dermalogica Daily Resurfacing pads, SK2 Facial Treatment Essence, Dermalogica Clear Start Breakout Clearing Booster, Dermalogica Biolumin C Serum, Dermalogica Skin Hydrating Booster,
Dermalogica Intensive Moisture Balance, Drunk Elephant Baby Facial",Desert dry heat,"Regularly no. When my skin becomes sensitized (sunburn, over exfoliated, etc) then my skin burns when I use any of the moisturizers listed above. Cannot pinpoint ingredients, but can be due to essential oils in Dermalogica products ","No! I‚Äôm 23 and be I‚Äôm dry I think I have very fine lines.. like when I smile, the skin under my eyes but above my mouth (think center of face) has lines!!! Looks like it‚Äôd being stretched. Is this normal hahaha","Drunk Elephant Baby Facial- 25% AHA, 2% BHA. Tingles as noted and usually makes my skin flake the next day which means it‚Äôs working? 

Other than sal acid, BHA, AHA in my skincare, no specific acid treatments. ","Slightly... I breakout around my period, if I don‚Äôt wash my face at night, and if I‚Äôm stressed, but I wouldn‚Äôt describe my skin as acneic by any means. I usually get one or two big pimples on my forehead, eye brows, or cheek at a time + blackheads on nose 24/7. For the last 1.5 years, the acne on my cheeks never fully goes away ;( if it‚Äôs not active, it‚Äôs super hyperpigmented and then by the time the scars are fading, I breakout again. Never had cheek acne until about 1.5 yrs ago. 

Past Treatments: Neutrogena Pink Grapefruit cleanser, Dermalogica Age Bright Clearing Serum, Dermalogica Age Bright Spot Fader. I‚Äôve honestly not done much to do tackle acne in my life bf it was never really bad. At most, a cleanser with some acid. These days, my daily routine is the most acne- attacking routine I‚Äôve had bc I‚Äôm tired of my cheek and forehead acne. ","I said dry, but estheticians at Dermalogica also said I could be normal / dry. I do get slightly more oily in my T-zone during the day, but my skin underneath is still dry? After washing face and patting dry, it can feel a bit tight sometimes or just a bit dry to the touch. Tend to easily get small flakes around nose and middle of forehead if I‚Äôm dry and don‚Äôt keep up with skincare routine.

 Also scared to use super thick moisturizers bc I‚Äôve had milia around my eyes and have one right now that I think i got after using an eye cream one night LOL 

I also self-extract blackheads around my nose using tissues on my fingers about once a week heh... ",Yes
5/4/2020 15:46:23,Dry,No,"Fine lines/wrinkles, Skin Texture (roughness, dullness)","Pixi Tonic Glow, Timeless skin care 20% Vitamin C, chemist confessions Mr reliable, chemist confessions The Better oil","CosRx low pH Good Morning Gel cleanser, Peter Roth pumpkin Enzyme mask, Pixi Tonic Glow, Timeless skin care 20% Vitamin C, Elemis Superfood Night cream, Florapy sheet mask","Temperate, a lovely 70F (lucky!)",No,"No, but very curious about them","No, but again very curious.",No,No,Yes
